59.04,38
59.04,38.01
59.04,38.02
59.04,38.03
59.04,38.04
59.045,38.02
59.05,38.02
59.05,38.04
59.06,38.04
59.14,38
59.14,38.01
59.14,38.02
59.14,38.03
59.14,38.04
59.14,38.05
59.15,38
59.16,38
59.24,38.01
59.24,38
59.24,38.02
59.24,38.04
59.24,38.03
59.245,38.05
59.25,38.02
59.255,38.05
59.26,38
59.26,38.01
59.26,38.02
59.26,38.04
59.26,38.03
59.34,38.01
59.34,38.02
59.34,38.04
59.34,38.03
59.345,38
59.345,38.05
59.35,38.02
59.355,38
59.355,38.05
59.355,38.02
59.36,38.01
59.36,38.02
59.36,38.04
59.44,38.02
59.443,38.023
59.443,38.017
59.445,38.01
59.445,38.03
59.445,38.003
59.445,38.037
59.45,38
59.45,38.04
59.46,38
59.46,38.04
59.54,38
59.54,38.01
59.54,38.02
59.54,38.03
59.54,38.04
59.545,38.02
59.55,38.02
59.55,38.04
59.56,38.04
59.64,38.01
59.64,38.02
59.64,38.04
59.64,38.03
59.645,38
59.645,38.05
59.655,38
59.655,38.05
59.66,38.01
59.66,38.02
59.66,38.04
59.66,38.03
59.74,38.01
59.74,38.02
59.74,38.05
59.74,38.04
59.74,38.03
59.745,38
59.755,38
59.76,38.01
59.76,38.02
59.76,38.04
59.76,38.05
59.76,38.03
59.84,38
59.84,38.01
59.84,38.02
59.84,38.03
59.84,38.04
59.84,38.05
59.8433,38.04
59.8466,38.03
59.85,38.025
59.8533,38.02
59.8566,38.01
59.86,38
59.86,38.01
59.86,38.02
59.86,38.03
59.86,38.04
59.86,38.05
59.94,38
59.94,38.01
59.94,38.02
59.94,38.03
59.94,38.04
59.95,38
59.95,38.04
59.955,38.003
59.955,38.037
59.96,38.01
59.96,38.02
59.96,38.03
60.04,38
60.045,38
60.05,38
60.055,38
60.06,38
60.14,38
60.14,38.01
60.14,38.02
60.14,38.03
60.14,38.04
60.14,38.05
60.1433,38.04
60.1466,38.03
60.15,38.025
60.1533,38.03
60.1566,38.04
60.16,38
60.16,38.01
60.16,38.02
60.16,38.03
60.16,38.04
60.16,38.05
60.24,38.01
60.24,38.04
60.245,38
60.245,38.025
60.245,38.05
60.255,38
60.255,38.02
60.255,38.03
60.255,38.05
60.26,38.01
60.26,38.04
60.34,38
60.345,38
60.35,38
60.355,38
60.36,38
60.44,38
60.44,38.035
60.445,38.01
60.447,38.045
60.45,38
60.45,38.0175
60.453,38.045
60.455,38.025
60.46,38
60.46,38.032
60.46,38.037
60.54,38.01
60.54,38.02
60.54,38.04
60.54,38
60.54,38.03
60.54,38.05
60.54,38.025
60.55,38
60.55,38.022
60.55,38.05
60.55,38.028
60.555,38.0025
60.555,38.0475
60.56,38.01
60.56,38.017
60.56,38.04
60.56,38.033
60.64,38
60.64,38.01
60.64,38.02
60.64,38.03
60.64,38.04
60.65,38
60.65,38.04
60.655,38.003
60.655,38.037
60.66,38.01
60.66,38.02
60.66,38.03
60.74,38.01
60.74,38.04
60.745,38
60.745,38.025
60.745,38.05
60.755,38
60.755,38.02
60.755,38.03
60.755,38.05
60.76,38.01
60.76,38.04
60.84,38
60.84,38.01
60.84,38.02
60.84,38.03
60.84,38.04
60.845,38.02
60.85,38.02
60.85,38.04
60.86,38.04
60.94,38
60.94,38.05
60.943,38.01
60.945,38.018
60.95,38.025
60.95,38.05
60.955,38.032
60.96,38.04
60.96,38.05
61.04,38.01
61.04,38.02
61.04,38.04
61.04,38.03
61.045,38
61.045,38.05
61.05,38.022
61.055,38
61.055,38.05
61.06,38.01
61.06,38.02
61.06,38.04
61.14,38.01
61.14,38.04
61.145,38
61.145,38.05
61.145,38.018
61.145,38.032
61.15,38.025
61.155,38
61.155,38.018
61.155,38.032
61.155,38.05
61.16,38.01
61.16,38.04
61.24,38
61.24,38.04
61.25,38
61.25,38.04
61.255,38.01
61.255,38.03
61.255,38.003
61.255,38.037
61.257,38.023
61.257,38.017
61.26,38.02
